{"model":{"0":"cnn_1_model"},"train_acc":{"0":1.0},"test_acc":{"0":0.9491587418},"precision":{"0":0.904109589},"recall":{"0":0.7603686636},"f1_score":{"0":0.8260325407},"confusion_matrix":{"0":[[2265,35],[104,330]]},"classification_report":{"0":"             precision    recall  f1-score   support\n\n          0       0.96      0.98      0.97      2300\n          1       0.90      0.76      0.83       434\n\navg \/ total       0.95      0.95      0.95      2734\n"}}