{"model":{"0":"cnn_2_model"},"train_acc":{"0":0.9998333333},"test_acc":{"0":0.9586686174},"precision":{"0":0.8924205379},"recall":{"0":0.8410138249},"f1_score":{"0":0.8659549229},"confusion_matrix":{"0":[[2256,44],[69,365]]},"classification_report":{"0":"             precision    recall  f1-score   support\n\n          0       0.97      0.98      0.98      2300\n          1       0.89      0.84      0.87       434\n\navg \/ total       0.96      0.96      0.96      2734\n"}}