{"model":{"0":"cnn_4_model"},"train_acc":{"0":0.9985833333},"test_acc":{"0":0.9711046086},"precision":{"0":0.9156908665},"recall":{"0":0.900921659},"f1_score":{"0":0.9082462253},"confusion_matrix":{"0":[[2264,36],[43,391]]},"classification_report":{"0":"             precision    recall  f1-score   support\n\n          0       0.98      0.98      0.98      2300\n          1       0.92      0.90      0.91       434\n\navg \/ total       0.97      0.97      0.97      2734\n"}}