{"model":{"0":"cnn_3_model"},"train_acc":{"0":0.9969166667},"test_acc":{"0":0.9561082663},"precision":{"0":0.8702830189},"recall":{"0":0.8502304147},"f1_score":{"0":0.8601398601},"confusion_matrix":{"0":[[2245,55],[65,369]]},"classification_report":{"0":"             precision    recall  f1-score   support\n\n          0       0.97      0.98      0.97      2300\n          1       0.87      0.85      0.86       434\n\navg \/ total       0.96      0.96      0.96      2734\n"}}