{"model":{"0":"cnn_4"},"train_acc":{"0":0.9996666667},"test_acc":{"0":0.975493782},"precision":{"0":0.9297423888},"recall":{"0":0.9147465438},"f1_score":{"0":0.9221835075},"confusion_matrix":{"0":[[2270,30],[37,397]]},"classification_report":{"0":"             precision    recall  f1-score   support\n\n          0       0.98      0.99      0.99      2300\n          1       0.93      0.91      0.92       434\n\navg \/ total       0.98      0.98      0.98      2734\n"}}