{"model":{"0":"lgr","1":"lda","2":"knn","3":"dtc","4":"nbc","5":"svm"},"mean_train_acc":{"0":0.9759166667,"1":0.9325833333,"2":0.8925833333,"3":0.9661666667,"4":0.546,"5":0.1060833333},"std_train_acc":{"0":0.0193054756,"1":0.0475605608,"2":0.0095339306,"3":0.0273612662,"4":0.3023589662,"5":0.0163853339},"test_acc":{"0":0.9305047549,"1":0.866861741,"2":0.8204096562,"3":0.884784199,"4":0.3328456474,"5":0.6682516459},"precision":{"0":0.8096446701,"1":0.5723140496,"2":0.413897281,"3":0.6786786787,"4":0.1734022556,"5":0.2941688425},"recall":{"0":0.7350230415,"1":0.6382488479,"2":0.3156682028,"3":0.5207373272,"4":0.8502304147,"5":0.7788018433},"f1_score":{"0":0.770531401,"1":0.6034858388,"2":0.3581699346,"3":0.5893089961,"4":0.2880562061,"5":0.427037271},"full_cv_results":{"0":[0.9608333333,0.9508333333,0.9516666667,0.9583333333,0.9633333333,0.9933333333,0.9916666667,0.9983333333,0.9958333333,0.995],"1":[0.8941666667,0.8725,0.8883333333,0.9033333333,0.8716666667,0.9791666667,0.9766666667,0.9858333333,0.9841666667,0.97],"2":[0.8833333333,0.8766666667,0.8883333333,0.8858333333,0.8991666667,0.8975,0.9108333333,0.9025,0.89,0.8916666667],"3":[0.9258333333,0.9316666667,0.955,0.94,0.9466666667,0.9916666667,0.99,0.9925,0.9941666667,0.9941666667],"4":[0.2391666667,0.2525,0.2383333333,0.2408333333,0.2491666667,0.8625,0.8375,0.8608333333,0.8133333333,0.8658333333],"5":[0.1116666667,0.125,0.1216666667,0.1241666667,0.1258333333,0.0866666667,0.0916666667,0.085,0.0991666667,0.09]},"confusion_matrix":{"0":[[2225,75],[115,319]],"1":[[2093,207],[157,277]],"2":[[2106,194],[297,137]],"3":[[2193,107],[208,226]],"4":[[541,1759],[65,369]],"5":[[1489,811],[96,338]]},"classification_report":{"0":"             precision    recall  f1-score   support\n\n          0       0.95      0.97      0.96      2300\n          1       0.81      0.74      0.77       434\n\navg \/ total       0.93      0.93      0.93      2734\n","1":"             precision    recall  f1-score   support\n\n          0       0.93      0.91      0.92      2300\n          1       0.57      0.64      0.60       434\n\navg \/ total       0.87      0.87      0.87      2734\n","2":"             precision    recall  f1-score   support\n\n          0       0.88      0.92      0.90      2300\n          1       0.41      0.32      0.36       434\n\navg \/ total       0.80      0.82      0.81      2734\n","3":"             precision    recall  f1-score   support\n\n          0       0.91      0.95      0.93      2300\n          1       0.68      0.52      0.59       434\n\navg \/ total       0.88      0.88      0.88      2734\n","4":"             precision    recall  f1-score   support\n\n          0       0.89      0.24      0.37      2300\n          1       0.17      0.85      0.29       434\n\navg \/ total       0.78      0.33      0.36      2734\n","5":"             precision    recall  f1-score   support\n\n          0       0.94      0.65      0.77      2300\n          1       0.29      0.78      0.43       434\n\navg \/ total       0.84      0.67      0.71      2734\n"}}